TOTAL_EMPTY_HOUSES,POP_DENS_sqkm,LOW_INCOME_PERC,LOWMOD_INCOME_PERC,WHITE_POP_PERC,BLACK_POP_PERC,O18_POP_PERC,IS_HOTSPOT
55,9365.67,0.60,0.74,0.01,0.92,0.70,1
32,2827.45,0.14,0.25,0.05,0.87,0.82,1
23,4580.80,0.30,0.41,0.04,0.89,0.77,1
66,13079.89,0.15,0.28,0.53,0.28,0.90,1
45,14412.00,0.06,0.16,0.55,0.30,0.87,1
4,4462.03,0.00,0.00,0.43,0.31,1.00,1
39,6058.69,0.79,0.80,0.02,0.95,0.75,1
10,148.79,1.00,1.00,0.06,0.77,0.77,1
77,5976.40,0.88,0.96,0.01,0.95,0.68,1
30,8885.33,0.62,0.67,0.02,0.94,0.69,1
51,7283.99,0.77,0.88,0.00,0.96,0.62,1
106,4914.09,0.67,0.85,0.00,0.94,0.70,1
17,4288.79,0.48,0.81,0.02,0.89,0.70,1
84,3646.26,0.12,0.42,0.01,0.94,0.58,1
23,11643.17,0.76,0.90,0.00,0.93,0.64,1
72,8059.00,1.00,1.00,0.01,0.94,0.56,1
26,2947.03,0.53,0.60,0.03,0.91,0.73,1
55,7844.44,0.51,0.58,0.06,0.87,0.73,1
62,14210.93,0.69,0.77,0.01,0.94,0.71,1
31,1860.22,0.23,0.26,0.33,0.55,0.81,1
50,5906.87,0.54,0.95,0.05,0.87,0.80,1
46,6442.31,0.41,0.45,0.04,0.91,0.76,1
33,8287.86,1.00,1.00,0.01,0.96,0.60,1
51,2187.78,0.40,0.47,0.02,0.94,0.75,1
78,6799.52,0.63,0.83,0.02,0.89,0.79,1
109,2950.81,0.26,0.31,0.05,0.87,0.81,1
8,2708.17,0.55,0.77,0.02,0.96,0.84,1
26,1545.55,0.28,0.28,0.14,0.75,0.81,1
40,5801.07,0.44,0.64,0.04,0.87,0.82,1
57,8681.07,0.53,0.53,0.03,0.89,0.71,1
41,27371.54,1.00,1.00,0.01,0.94,0.81,1
27,4910.24,0.34,0.45,0.02,0.94,0.78,1
39,11003.37,0.80,0.80,0.01,0.93,0.76,1
65,8037.81,0.87,0.90,0.01,0.94,0.68,1
69,7447.79,0.66,0.69,0.01,0.96,0.63,1
17,10970.40,0.75,1.00,0.01,0.93,0.72,1
0,9747.03,0.65,0.78,0.01,0.94,0.68,1
30,8145.43,1.00,1.00,0.01,0.95,0.63,1
80,8433.34,1.00,1.00,0.02,0.94,0.76,1
54,4088.61,0.60,1.00,0.01,0.92,0.73,1
96,7435.43,0.45,0.57,0.00,0.96,0.69,1
57,3297.16,0.51,0.57,0.06,0.86,0.77,1
88,7046.79,0.67,0.72,0.05,0.88,0.68,1
119,2716.77,0.61,0.66,0.03,0.93,0.70,1
77,8403.29,0.73,0.88,0.04,0.85,0.76,1
48,6358.13,0.26,0.32,0.04,0.90,0.82,1
41,4173.71,0.29,0.37,0.11,0.79,0.82,1
97,8425.72,0.84,0.88,0.05,0.89,0.78,1
82,7865.18,1.00,1.00,0.05,0.91,0.77,1
36,1270.68,0.64,0.64,0.06,0.84,0.78,1
37,2239.40,0.31,0.45,0.08,0.82,0.83,1
17,1881.30,0.65,0.66,0.12,0.78,0.83,1
62,4431.95,0.54,0.74,0.06,0.88,0.84,1
48,1644.21,0.51,0.54,0.05,0.90,0.81,1
45,5420.47,0.88,1.00,0.04,0.90,0.77,1
25,5421.68,0.72,0.73,0.03,0.87,0.77,1
47,5314.72,0.15,0.26,0.04,0.86,0.78,1
36,5396.54,0.61,0.85,0.02,0.93,0.78,1
146,3677.56,0.80,1.00,0.01,0.92,0.72,1
30,3315.02,0.08,0.58,0.04,0.89,0.80,1
75,4775.69,0.38,0.62,0.03,0.88,0.78,1
59,5440.16,0.48,0.53,0.04,0.89,0.88,1
94,4711.30,0.64,0.74,0.03,0.89,0.77,1
51,3472.38,0.82,1.00,0.02,0.92,0.76,1
117,4869.96,0.95,1.00,0.02,0.91,0.73,1
85,3565.03,0.40,0.54,0.01,0.93,0.77,1
40,3663.68,0.10,0.17,0.03,0.89,0.75,1
77,7624.46,0.41,0.81,0.01,0.92,0.76,1
55,4310.56,0.44,0.45,0.04,0.80,0.76,1
77,11863.60,0.35,0.41,0.34,0.52,0.83,1
167,2085.91,0.50,0.53,0.17,0.68,0.84,1
62,14772.69,0.44,0.49,0.05,0.83,0.68,1
110,14221.65,0.88,1.00,0.05,0.85,0.75,1
65,10072.40,0.50,0.53,0.01,0.94,0.72,1
124,5080.75,1.00,1.00,0.01,0.92,0.79,1
61,4390.18,0.73,0.82,0.01,0.93,0.71,1
50,5783.97,0.60,0.93,0.01,0.89,0.76,1
53,4543.18,0.82,1.00,0.01,0.94,0.67,1
62,9715.63,0.77,0.83,0.01,0.93,0.77,1
92,6756.72,0.68,0.70,0.02,0.90,0.78,1
96,4491.06,0.76,0.89,0.01,0.90,0.72,1
55,9290.50,0.60,0.77,0.00,0.96,0.64,1
85,10013.48,0.74,0.92,0.00,0.95,0.72,1
37,5481.33,0.63,0.78,0.03,0.89,0.79,1
30,1714.20,0.29,0.30,0.02,0.87,0.77,1
49,8049.72,0.72,0.96,0.02,0.92,0.82,1
78,9411.19,0.34,0.38,0.00,0.97,0.75,1
27,6106.99,0.77,0.77,0.00,0.94,0.72,1
106,10579.01,0.47,0.82,0.01,0.96,0.74,1
14,3262.08,0.46,0.58,0.02,0.91,0.81,1
100,995.84,0.70,0.81,0.03,0.90,0.74,1
88,4207.41,0.88,1.00,0.01,0.94,0.77,1
12,10560.15,0.73,0.87,0.00,0.97,0.60,1
73,2200.18,0.88,1.00,0.02,0.91,0.77,1
100,10574.67,0.36,0.53,0.03,0.92,0.72,1
94,889.39,0.29,0.29,0.03,0.92,0.85,1
84,6139.70,0.08,0.09,0.79,0.04,0.85,0
39,5717.86,0.18,0.18,0.83,0.02,0.83,0
87,5992.93,0.38,0.47,0.82,0.03,0.91,0
145,2441.79,0.06,0.09,0.69,0.06,0.96,0
57,5566.30,0.33,0.37,0.75,0.03,0.84,0
62,11983.43,0.25,0.48,0.69,0.08,0.89,0
56,3315.52,0.29,0.34,0.75,0.03,0.81,0
36,10058.08,0.27,0.30,0.82,0.03,0.77,0
23,1204.99,0.09,0.11,0.84,0.03,0.81,0
225,991.99,0.13,0.20,0.70,0.06,0.89,0
128,2568.98,0.18,0.27,0.70,0.07,0.89,0
44,31754.05,0.08,0.17,0.71,0.06,0.90,0
70,3398.04,0.22,0.26,0.72,0.06,0.94,0
46,4906.24,0.09,0.15,0.75,0.03,0.83,0
75,8117.17,0.11,0.27,0.79,0.04,0.92,0
67,5301.14,0.22,0.33,0.76,0.09,0.87,0
45,2453.79,0.04,0.07,0.76,0.04,0.85,0
40,4454.78,0.15,0.20,0.74,0.04,0.81,0
34,2756.38,0.04,0.04,0.78,0.04,0.78,0
49,8599.54,0.10,0.26,0.69,0.05,0.91,0
124,12782.23,0.44,0.52,0.56,0.12,0.96,0
34,14604.66,0.28,0.35,0.64,0.07,0.90,0
91,15158.14,0.11,0.25,0.58,0.13,0.87,0
91,11561.89,0.05,0.11,0.84,0.04,0.94,0
113,8807.20,0.16,0.24,0.61,0.10,0.92,0
57,7705.28,0.44,0.49,0.68,0.08,0.84,0
83,1191.63,0.15,0.27,0.65,0.09,0.82,0
31,1895.17,0.12,0.20,0.71,0.03,0.78,0
33,9977.30,0.03,0.03,0.71,0.05,0.89,0
81,9910.04,0.25,0.26,0.71,0.04,0.90,0
66,11186.18,0.42,0.43,0.71,0.07,0.91,0
21,1195.48,0.03,0.03,0.78,0.04,0.73,0
28,1658.71,0.04,0.04,0.65,0.08,0.90,0
134,6857.97,0.15,0.17,0.77,0.03,0.92,0
129,1643.25,0.08,0.09,0.82,0.01,0.84,0
98,5603.88,0.18,0.23,0.85,0.01,0.85,0
102,812.75,0.13,0.14,0.76,0.03,0.89,0
17,488.80,0.09,0.09,0.64,0.18,0.75,0
0,0.00,0.00,0.00,0.00,0.00,0.00,0
0,13883.45,0.00,0.00,0.62,0.08,0.99,0
29,2283.16,0.22,0.26,0.75,0.03,0.77,0
47,764.31,0.28,0.35,0.58,0.17,0.80,0
15,1420.20,0.03,0.05,0.63,0.14,0.76,0
19,9003.72,0.37,0.40,0.61,0.17,0.90,0
44,7501.35,0.04,0.21,0.69,0.09,0.87,0
70,23231.75,0.30,0.41,0.76,0.08,0.97,0
39,30484.18,0.09,0.24,0.58,0.17,0.93,0
68,2115.11,0.26,0.26,0.65,0.08,0.85,0
32,2177.81,0.46,0.46,0.68,0.10,0.91,0
56,8107.61,0.13,0.15,0.77,0.04,0.95,0
43,24691.12,0.28,0.46,0.69,0.08,0.97,0
60,11785.11,0.22,0.29,0.77,0.06,0.99,0
37,2401.92,0.09,0.14,0.74,0.05,0.93,0
60,5780.83,0.14,0.21,0.67,0.10,0.79,0
16,2768.05,0.00,0.00,0.85,0.01,0.74,0
12,3011.76,0.02,0.02,0.74,0.08,0.73,0
17,2174.29,0.13,0.15,0.80,0.07,0.82,0
94,8661.40,0.15,0.21,0.60,0.18,0.84,0
28,1388.60,0.14,0.23,0.80,0.04,0.75,0
22,1871.29,0.01,0.06,0.86,0.03,0.75,0
33,858.92,0.07,0.11,0.77,0.04,0.75,0
26,1139.76,0.27,0.58,0.02,0.89,0.83,0
18,10110.90,0.00,0.00,0.54,0.13,1.00,0
24,1809.07,0.15,0.16,0.82,0.03,0.79,0
8,2394.58,0.00,0.04,0.81,0.04,0.74,0
45,884.37,0.19,0.20,0.08,0.83,0.84,0
40,1101.39,0.07,0.13,0.81,0.05,0.79,0
184,3012.11,0.57,0.60,0.58,0.15,0.93,0
77,5731.82,0.39,0.65,0.02,0.95,0.79,0
12,2685.44,0.17,0.25,0.77,0.03,0.83,0
58,9702.43,0.26,0.28,0.77,0.09,0.91,0
92,6970.18,0.09,0.11,0.64,0.09,0.86,0
9,3275.71,0.02,0.02,0.83,0.02,0.73,0
4,2876.96,0.02,0.02,0.80,0.02,0.75,0
9,3306.23,0.00,0.00,0.78,0.04,0.70,0
32,2604.66,0.06,0.14,0.73,0.03,0.77,0
41,4265.70,0.30,0.35,0.75,0.06,0.80,0
19,2351.78,0.13,0.16,0.74,0.05,0.78,0
81,4385.17,0.15,0.15,0.74,0.06,0.82,0
53,3690.90,0.14,0.14,0.70,0.09,0.79,0
6,3923.71,0.14,0.14,0.75,0.08,0.81,0
73,1732.94,0.11,0.11,0.71,0.07,0.81,0
40,10369.53,0.31,0.35,0.67,0.12,0.86,0
23,6296.58,0.17,0.21,0.72,0.08,0.83,0
11,3857.37,0.02,0.02,0.74,0.05,0.76,0
43,11285.28,0.55,0.73,0.15,0.44,0.74,0
39,6169.15,0.15,0.19,0.20,0.57,0.79,0
78,6743.21,0.41,0.43,0.15,0.62,0.81,0
12,8198.70,0.45,0.57,0.15,0.55,0.76,0
68,5581.33,0.38,0.45,0.21,0.58,0.80,0
21,8009.98,0.13,0.65,0.19,0.47,0.81,0
44,8459.17,0.22,0.38,0.16,0.60,0.72,0
12,9030.73,0.13,0.31,0.30,0.50,0.78,0
59,7594.73,0.52,0.93,0.32,0.42,0.80,0
17,8889.48,0.24,0.27,0.19,0.61,0.80,0
92,3252.66,0.79,0.93,0.14,0.48,0.76,0
36,8448.91,0.40,0.42,0.22,0.50,0.75,0
53,8513.09,0.14,0.18,0.23,0.49,0.80,0
33,6994.93,0.13,0.21,0.35,0.40,0.81,0
52,8828.80,0.18,0.26,0.28,0.47,0.78,0
11,2925.26,0.04,0.05,0.79,0.04,0.72,0
51,3516.06,0.00,0.00,0.80,0.07,0.76,0
11,2393.71,0.13,0.13,0.79,0.08,0.73,0
7,3472.23,0.01,0.09,0.85,0.04,0.73,0
19,2477.42,0.03,0.04,0.30,0.56,0.77,0
19,3881.93,0.30,0.30,0.32,0.46,0.76,0
27,2533.38,0.00,0.01,0.27,0.57,0.77,0
36,989.50,0.03,0.04,0.30,0.59,0.79,0
51,3814.48,0.08,0.14,0.41,0.39,0.84,0
62,3378.77,0.19,0.25,0.32,0.49,0.83,0
29,1282.83,0.39,0.45,0.15,0.56,0.76,0
24,17357.26,0.82,0.97,0.06,0.57,0.73,0
28,20830.84,0.66,0.80,0.06,0.50,0.75,0
42,6906.73,0.49,0.75,0.11,0.51,0.76,0
53,6904.20,0.90,0.91,0.08,0.64,0.78,0
69,14420.83,0.64,0.69,0.10,0.50,0.73,0
30,4225.02,0.38,0.38,0.16,0.56,0.80,0
29,5693.43,0.36,0.44,0.21,0.57,0.79,0
34,7757.77,0.17,0.21,0.21,0.46,0.79,0
13,4714.59,0.71,0.75,0.24,0.50,0.76,0
35,3107.76,0.23,0.28,0.20,0.65,0.79,0
6,1754.54,0.39,0.59,0.25,0.52,0.80,0
39,12052.59,1.00,1.00,0.14,0.34,0.75,0
30,2597.94,0.14,0.19,0.34,0.38,0.79,0
16,3175.79,0.05,0.40,0.32,0.43,0.78,0
57,9303.83,0.31,0.39,0.20,0.41,0.80,0
65,4570.13,0.14,0.14,0.30,0.44,0.78,0
85,8538.67,0.32,0.45,0.16,0.54,0.77,0
34,13477.44,0.49,0.65,0.15,0.40,0.77,0
38,9358.58,0.48,0.52,0.26,0.49,0.78,0
28,6852.15,0.24,0.29,0.18,0.42,0.77,0
55,10756.29,0.54,1.00,0.41,0.37,0.84,0
52,11340.73,0.13,0.16,0.36,0.32,0.84,0
83,12216.13,0.18,0.27,0.30,0.38,0.81,0
52,11077.82,0.32,0.32,0.30,0.39,0.85,0
54,4960.59,0.28,0.30,0.45,0.39,0.84,0
75,11888.81,0.12,0.17,0.56,0.28,0.87,0
66,11953.35,0.18,0.26,0.49,0.33,0.88,0
146,9221.89,0.38,0.42,0.30,0.61,0.83,0
5,161.44,0.00,0.00,0.22,0.22,0.65,0
105,8897.43,0.65,0.86,0.47,0.33,0.89,0
71,17438.98,0.00,0.00,0.37,0.36,0.95,0
79,13770.99,0.28,0.35,0.42,0.35,0.88,0
0,0.00,0.00,0.00,0.00,0.00,0.00,0
40,2575.36,0.32,0.42,0.15,0.70,0.80,0
70,505.35,0.27,0.29,0.70,0.21,0.92,0
39,10115.54,0.15,0.20,0.43,0.36,0.88,0
51,5446.94,0.32,0.82,0.33,0.36,0.83,0
4,7244.26,0.24,0.31,0.41,0.34,0.85,0
48,8489.53,0.22,0.28,0.36,0.39,0.86,0
31,3785.24,0.49,0.54,0.19,0.50,0.83,0
46,6556.63,0.18,0.32,0.40,0.33,0.80,0
37,9257.30,0.43,0.64,0.27,0.38,0.84,0
64,11427.00,0.23,0.39,0.45,0.27,0.88,0
51,10288.31,0.12,0.16,0.37,0.23,0.82,0
20,11172.14,0.55,0.81,0.29,0.25,0.80,0
14,1425.64,0.29,0.32,0.37,0.28,0.76,0
21,1057.47,0.08,0.09,0.44,0.35,0.80,0
68,25493.75,0.32,0.35,0.38,0.10,0.82,0
43,6537.47,0.01,0.01,0.71,0.10,0.82,0
29,12409.60,0.23,0.40,0.71,0.06,0.83,0
67,12837.02,0.62,0.66,0.57,0.17,0.84,0
12,15707.53,0.05,0.07,0.62,0.14,0.85,0
57,16023.53,0.26,0.36,0.51,0.11,0.87,0
16,4430.30,0.18,0.31,0.67,0.08,0.79,0
158,34447.73,0.44,0.61,0.29,0.19,0.85,0
41,27895.95,0.46,0.63,0.40,0.28,0.90,0
57,24125.35,0.30,0.38,0.24,0.37,0.80,0
82,14385.02,0.15,0.23,0.32,0.20,0.84,0
44,27240.90,0.98,1.00,0.28,0.41,0.83,0
54,31427.87,0.19,0.47,0.32,0.15,0.86,0
47,16643.52,0.26,0.34,0.46,0.21,0.86,0
107,13349.66,0.16,0.26,0.42,0.19,0.85,0
84,15615.81,0.24,0.32,0.53,0.21,0.91,0
40,18431.20,0.81,0.87,0.28,0.55,0.79,0
20,12699.99,0.23,0.28,0.40,0.22,0.83,0
106,13291.36,0.24,0.34,0.44,0.26,0.88,0
11,14765.37,0.28,0.36,0.77,0.06,0.93,0
64,22209.52,0.28,0.33,0.40,0.35,0.91,0
61,21695.45,0.12,0.19,0.76,0.08,0.96,0
63,15529.48,0.11,0.16,0.68,0.16,0.95,0
39,14899.45,0.05,0.08,0.65,0.11,0.93,0
90,19141.89,0.16,0.18,0.69,0.10,0.96,0
179,8025.85,0.03,0.19,0.70,0.10,0.93,0
92,9865.00,0.10,0.39,0.65,0.16,0.92,0
63,10192.49,0.17,0.18,0.60,0.20,0.89,0
125,11286.67,0.23,0.30,0.40,0.43,0.87,0
109,6585.36,0.24,0.32,0.43,0.43,0.88,0
105,4664.23,0.26,0.43,0.28,0.54,0.82,0
68,9086.12,0.04,0.16,0.50,0.21,0.94,0
26,48362.84,0.05,0.08,0.70,0.06,1.00,0
26,21842.27,0.17,0.20,0.70,0.08,0.98,0
29,42448.14,0.09,0.14,0.70,0.08,0.98,0
226,24385.33,1.00,1.00,0.25,0.19,0.90,0
11,19803.06,0.08,0.13,0.59,0.15,0.94,0
19,79547.25,0.16,0.27,0.70,0.05,0.98,0
21,15556.96,0.41,0.44,0.16,0.69,0.80,0
24,8748.09,0.71,0.71,0.02,0.88,0.77,0
720,21495.83,0.26,0.27,0.40,0.36,0.97,0
117,4369.48,0.26,0.33,0.61,0.16,0.95,0
123,25089.74,0.07,0.17,0.40,0.37,0.87,0
44,19377.15,0.60,0.84,0.40,0.28,0.89,0
67,9243.71,0.16,0.25,0.59,0.18,0.89,0
37,19501.86,0.22,0.33,0.43,0.24,0.86,0
61,15419.29,0.19,0.27,0.51,0.15,0.88,0
34,22984.45,0.14,0.27,0.56,0.12,0.94,0
72,24800.42,0.68,0.75,0.27,0.47,0.80,0
46,16715.62,0.28,0.47,0.65,0.14,0.97,0
31,10049.71,0.03,0.12,0.67,0.11,0.87,0
66,16093.38,0.01,0.06,0.59,0.14,0.92,0
64,16149.40,0.27,0.27,0.43,0.24,0.88,0
47,26895.10,0.13,0.19,0.62,0.11,0.92,0
120,26858.51,0.25,0.36,0.62,0.14,0.96,0
50,18287.97,0.09,0.11,0.65,0.12,0.91,0
68,4686.67,0.10,0.13,0.71,0.09,0.93,0
45,19340.07,0.03,0.07,0.72,0.07,0.89,0
89,16049.63,0.06,0.18,0.76,0.04,0.91,0
40,18314.66,0.13,0.20,0.78,0.03,0.91,0
60,20854.29,0.18,0.31,0.81,0.03,0.93,0
20,7076.63,0.09,0.19,0.73,0.03,0.88,0
31,18636.23,0.25,0.32,0.71,0.06,0.94,0
100,20139.84,0.07,0.18,0.76,0.06,0.93,0
98,11869.16,0.08,0.12,0.75,0.05,0.95,0
138,11923.04,0.15,0.16,0.77,0.04,0.94,0
20,2456.35,0.06,0.11,0.72,0.04,0.91,0
52,2200.86,0.35,0.37,0.72,0.05,0.90,0
78,16733.24,0.13,0.15,0.70,0.08,0.96,0
64,18975.90,0.27,0.37,0.79,0.04,0.94,0
59,17032.56,0.06,0.27,0.80,0.04,0.97,0
139,12132.73,0.37,0.46,0.76,0.03,0.96,0
99,15564.22,0.08,0.12,0.74,0.05,0.96,0
164,13976.95,0.42,0.47,0.61,0.03,0.98,0
58,30000.51,0.13,0.14,0.67,0.09,0.97,0
122,32401.33,0.25,0.39,0.55,0.07,0.97,0
297,5612.80,0.13,0.13,0.77,0.06,0.94,0
111,8907.54,0.21,0.26,0.69,0.06,0.95,0
118,6366.09,0.30,0.33,0.49,0.04,0.93,0
0,0.00,0.00,0.00,0.00,0.00,0.00,0
0,168.71,0.00,0.00,0.21,0.58,1.00,0
1,99.95,0.00,0.00,0.25,0.00,1.00,0
145,12549.65,0.10,0.10,0.73,0.06,0.98,0
121,4992.64,0.14,0.16,0.59,0.16,0.95,0
116,55611.46,0.31,0.41,0.61,0.19,0.99,0
70,2068.45,0.21,0.24,0.62,0.14,0.96,0
165,9732.42,0.60,0.65,0.29,0.62,0.85,0
547,1100.73,1.00,1.00,0.17,0.74,0.77,0
132,6191.89,0.39,0.46,0.79,0.05,0.90,0
25,10737.28,0.54,0.57,0.07,0.88,0.63,0
43,8697.57,0.32,0.32,0.50,0.36,0.95,0
100,11273.61,0.29,0.33,0.53,0.27,0.92,0
57,7535.55,0.23,0.46,0.60,0.21,0.90,0
113,12244.97,0.27,0.40,0.52,0.29,0.92,0
97,12904.97,0.41,0.52,0.20,0.54,0.84,0
128,13472.19,0.35,0.43,0.30,0.42,0.79,0
77,23554.45,0.47,0.57,0.65,0.19,0.93,0
35,5320.30,0.09,0.31,0.50,0.35,0.84,0
89,12885.00,0.47,0.47,0.23,0.37,0.77,0
31,13013.02,0.32,0.45,0.45,0.30,0.83,0
74,13212.80,0.16,0.26,0.69,0.10,0.97,0
75,8149.00,0.09,0.16,0.70,0.07,0.92,0
106,12019.18,0.23,0.25,0.72,0.12,0.94,0
62,16088.81,0.19,0.19,0.57,0.23,0.95,0
64,30653.04,0.16,0.26,0.64,0.14,0.97,0
113,44660.16,0.84,0.93,0.37,0.31,0.90,0
31,12353.57,0.09,0.10,0.61,0.08,0.93,0
93,38355.89,0.32,0.35,0.41,0.14,0.92,0
35,22576.68,0.08,0.08,0.80,0.02,0.95,0
111,11030.17,0.05,0.10,0.74,0.06,0.95,0
35,14595.94,0.13,0.17,0.54,0.22,0.89,0
112,43535.24,0.15,0.72,0.56,0.18,0.97,0
61,25661.74,0.14,0.16,0.67,0.06,0.96,0
93,31305.95,0.04,0.11,0.69,0.04,0.98,0
75,19310.54,0.32,0.35,0.78,0.04,0.94,0
57,32044.81,0.24,0.28,0.73,0.06,0.91,0
65,16539.98,0.27,0.38,0.76,0.05,0.94,0
41,11140.35,0.13,0.20,0.66,0.03,0.95,0
218,18467.52,0.10,0.16,0.65,0.14,0.94,0
52,28492.20,0.31,0.36,0.68,0.06,0.98,0
109,14037.71,0.34,0.34,0.68,0.06,0.95,0
149,13909.17,0.13,0.18,0.71,0.04,0.96,0
68,6380.24,0.15,0.25,0.69,0.09,0.92,0
66,23893.86,0.19,0.19,0.65,0.15,0.96,0
79,17157.35,0.22,0.32,0.75,0.04,0.96,0
131,23202.66,0.23,0.36,0.74,0.02,0.94,0
120,6604.17,0.04,0.04,0.73,0.03,0.93,0
145,41720.19,0.40,0.41,0.63,0.03,0.99,0
86,8705.53,0.27,0.28,0.60,0.07,0.97,0
27,17800.70,0.33,0.49,0.16,0.71,0.83,0
96,16513.52,0.10,0.17,0.53,0.29,0.95,0
148,4653.38,0.15,0.18,0.81,0.04,0.85,0
102,8025.00,0.15,0.19,0.83,0.02,0.84,0
75,7033.76,0.10,0.14,0.80,0.07,0.88,0
41,8576.94,0.09,0.21,0.72,0.14,0.84,0
67,10198.73,0.03,0.17,0.79,0.06,0.84,0
75,8977.08,0.09,0.14,0.81,0.04,0.85,0
102,9724.48,0.27,0.39,0.53,0.35,0.83,0
19,8162.24,0.28,0.34,0.54,0.33,0.84,0
16,8224.20,0.45,0.71,0.60,0.24,0.82,0
66,9813.25,0.06,0.09,0.58,0.27,0.78,0
0,1202.58,0.00,0.01,0.13,0.80,0.99,0
76,6876.10,0.12,0.16,0.65,0.22,0.85,0
369,7255.60,0.01,0.04,0.70,0.15,0.78,0
97,7957.25,0.07,0.09,0.71,0.15,0.83,0
48,337.87,0.53,0.61,0.03,0.90,0.73,0
49,4781.53,0.04,0.15,0.72,0.09,0.90,0
112,10636.79,1.00,1.00,0.33,0.58,0.78,0
245,8442.40,0.06,0.11,0.64,0.18,0.90,0
567,6199.88,0.08,0.08,0.70,0.13,0.98,0
83,8222.30,0.06,0.06,0.60,0.27,0.91,0
2,376.51,0.00,0.00,0.42,0.01,0.80,0
16,1238.28,0.00,0.05,0.81,0.08,0.96,0
48,16575.09,0.04,0.18,0.72,0.14,0.97,0
470,22930.21,0.03,0.11,0.73,0.11,0.95,0
297,29059.68,0.09,0.17,0.78,0.09,0.97,0
57,14520.51,0.11,0.15,0.40,0.48,0.88,0
27,3651.85,0.13,0.13,0.51,0.24,0.90,0
176,39190.21,0.07,0.07,0.79,0.08,0.97,0
25,9666.81,0.07,0.32,0.61,0.24,0.80,0
14,326.65,0.45,0.60,0.60,0.11,0.68,0
112,702.99,0.16,0.33,0.66,0.16,0.65,0
18,284.21,0.47,0.51,0.60,0.15,0.74,0
6,3241.85,0.17,0.20,0.43,0.38,0.84,0
64,2845.63,0.22,0.22,0.09,0.76,0.77,0
12,2642.01,0.53,0.71,0.03,0.80,0.79,0
78,3989.13,0.93,1.00,0.01,0.92,0.76,0
103,8686.90,0.91,1.00,0.02,0.93,0.70,0
63,9538.42,0.89,1.00,0.01,0.91,0.70,0
31,9182.44,0.49,0.52,0.04,0.90,0.77,0
66,4465.81,0.24,0.43,0.34,0.43,0.84,0
82,5187.86,0.42,0.74,0.32,0.46,0.86,0
49,5861.78,0.44,0.51,0.44,0.33,0.84,0
83,6564.30,0.30,0.38,0.02,0.94,0.84,0
62,19506.88,0.09,0.31,0.41,0.46,0.93,0
87,1852.73,0.82,0.90,0.02,0.93,0.76,0
41,8939.79,0.38,0.42,0.17,0.74,0.74,0
30,10241.35,0.54,0.62,0.42,0.46,0.80,0
60,11936.58,0.46,0.56,0.26,0.63,0.77,0
68,3304.43,0.85,0.91,0.03,0.87,0.78,0
42,10182.63,0.53,0.83,0.21,0.69,0.74,0
98,7522.58,0.27,0.36,0.29,0.60,0.81,0
19,8737.58,0.01,0.10,0.55,0.28,0.82,0
60,9574.31,0.12,0.15,0.60,0.28,0.84,0
101,6611.97,0.61,0.66,0.03,0.88,0.76,0
52,7043.35,0.19,0.24,0.38,0.40,0.89,0
21,10655.85,0.07,0.15,0.66,0.21,0.75,0
81,4803.91,0.17,0.19,0.60,0.25,0.83,0
65,6718.38,0.16,0.27,0.69,0.18,0.78,0
33,11378.08,0.05,0.10,0.77,0.07,0.82,0
62,11348.42,0.08,0.23,0.76,0.10,0.81,0
68,9815.87,0.13,0.26,0.81,0.05,0.85,0
69,9429.69,0.08,0.15,0.83,0.05,0.84,0
109,9199.96,0.25,0.41,0.81,0.05,0.90,0
34,9495.41,0.11,0.15,0.78,0.05,0.85,0
74,5416.43,0.04,0.08,0.74,0.13,0.93,0
104,14273.32,0.08,0.14,0.73,0.13,0.88,0
44,7455.79,0.08,0.13,0.70,0.09,0.83,0
56,11000.18,0.12,0.22,0.74,0.09,0.80,0
68,11621.95,0.04,0.13,0.71,0.15,0.88,0
20,12282.09,0.00,0.08,0.67,0.20,0.85,0
63,8640.37,0.11,0.22,0.66,0.21,0.84,0
45,3125.78,0.39,0.41,0.03,0.89,0.82,0
47,5436.75,0.74,0.98,0.02,0.93,0.75,0
44,7736.72,1.00,1.00,0.01,0.95,0.70,0
83,9850.51,1.00,1.00,0.01,0.95,0.71,0
490,9214.61,0.27,0.40,0.51,0.37,0.88,0
132,8380.46,0.18,0.30,0.48,0.35,0.83,0
237,5363.88,0.21,0.29,0.40,0.42,0.88,0
29,1797.18,0.31,0.56,0.06,0.82,0.82,0
35,3589.90,0.44,0.56,0.13,0.68,0.83,0
14,1668.40,0.21,0.35,0.18,0.71,0.80,0
25,3290.72,0.28,0.60,0.25,0.60,0.81,0
63,10796.56,0.41,1.00,0.17,0.67,0.84,0
90,9236.41,0.46,0.49,0.32,0.54,0.89,0
80,7093.51,0.35,0.53,0.33,0.53,0.86,0
105,12624.70,0.41,0.51,0.32,0.51,0.84,0
97,2079.44,0.69,0.77,0.12,0.76,0.77,0
10,1148.31,0.36,0.45,0.25,0.57,0.89,0
38,2884.28,0.22,0.29,0.19,0.64,0.82,0
27,3781.55,0.09,0.78,0.22,0.67,0.78,0
111,5142.27,0.56,0.60,0.16,0.71,0.81,0
463,2654.99,0.11,0.15,0.47,0.28,0.95,0
122,4653.23,0.25,0.32,0.46,0.30,0.86,0
40,2490.38,0.54,0.65,0.18,0.71,0.84,0
0,0.00,0.00,0.00,0.00,0.00,0.00,0
24,2372.84,0.30,0.36,0.14,0.73,0.83,0
31,1456.05,0.12,0.14,0.33,0.51,0.81,0
134,10215.19,0.61,0.72,0.19,0.66,0.87,0
69,9908.79,0.66,0.69,0.17,0.72,0.84,0
124,1394.61,0.21,0.30,0.66,0.18,0.96,0
52,8536.78,0.22,0.41,0.35,0.49,0.87,0
32,7354.79,0.45,0.48,0.28,0.46,0.86,0
34,10709.40,0.89,1.00,0.03,0.67,0.73,0
16,3299.60,0.03,0.04,0.40,0.44,0.78,0
103,3371.03,0.23,0.32,0.37,0.41,0.85,0
26,2877.91,0.21,0.25,0.19,0.68,0.83,0
97,6423.25,1.00,1.00,0.27,0.59,0.89,0
118,5496.51,0.75,0.82,0.15,0.65,0.82,0
34,14083.66,0.13,0.21,0.53,0.26,0.92,0
26,3293.69,0.18,0.25,0.34,0.47,0.82,0
19,3501.92,0.18,0.37,0.44,0.42,0.86,0
28,3738.10,0.03,0.03,0.25,0.56,0.71,0
17,4571.84,0.03,0.08,0.10,0.72,0.80,0
34,2839.08,0.09,0.22,0.10,0.70,0.80,0
46,3746.13,0.42,0.42,0.24,0.58,0.87,0
79,7194.96,0.34,0.46,0.03,0.90,0.84,0
40,10280.30,0.11,0.11,0.65,0.21,0.97,0
22,2130.90,0.27,0.33,0.14,0.47,0.79,0
5,5751.61,0.26,0.38,0.09,0.77,0.84,0
64,12659.47,0.83,0.99,0.00,0.97,0.65,0
31,3508.58,0.22,0.23,0.05,0.79,0.79,0
34,7268.41,0.77,0.98,0.02,0.86,0.77,0
37,5088.37,0.17,0.29,0.15,0.71,0.82,0
8,4213.27,0.14,0.26,0.18,0.66,0.83,0
14,3508.67,1.00,1.00,0.05,0.85,0.79,0
83,9028.25,0.48,0.58,0.02,0.88,0.74,0
42,3459.35,0.41,0.56,0.07,0.82,0.83,0
39,3582.38,0.38,0.90,0.07,0.84,0.81,0
67,4300.12,0.33,0.46,0.12,0.68,0.85,0
40,5164.92,0.57,0.65,0.09,0.70,0.82,0
48,4311.54,0.65,0.77,0.06,0.42,0.71,0
41,4444.90,0.90,0.91,0.06,0.59,0.77,0
5,6012.88,0.46,1.00,0.11,0.73,0.81,0
70,6598.03,0.47,0.56,0.14,0.65,0.85,0
51,9615.01,0.43,0.53,0.10,0.68,0.74,0
0,2871.85,0.00,0.00,0.32,0.29,0.99,0
102,8891.99,0.51,0.51,0.44,0.34,0.92,0
50,10339.72,0.14,0.25,0.66,0.11,0.98,0
34,12440.69,0.47,0.55,0.55,0.28,0.83,0
96,10711.48,0.21,0.21,0.58,0.28,0.91,0
117,16957.03,0.16,0.19,0.64,0.16,0.91,0
324,10440.74,0.10,0.16,0.55,0.25,0.90,0
0,301.88,0.00,0.00,0.11,0.42,0.73,0
74,48368.71,0.12,0.41,0.69,0.10,0.98,0
48,12304.71,0.07,0.12,0.55,0.23,0.98,0
76,1392.67,0.25,0.31,0.66,0.07,0.95,0
139,5557.97,0.30,0.33,0.63,0.05,0.97,0
78,19290.74,0.05,0.06,0.62,0.10,0.97,0
0,12.04,0.00,0.00,0.00,0.00,1.00,0
38,15810.72,0.06,0.08,0.63,0.12,0.99,0
0,0.00,0.00,0.00,0.00,0.00,0.00,0
0,0.00,0.00,0.00,0.00,0.00,0.00,0
110,23301.62,0.14,0.16,0.68,0.07,0.99,0
45,4453.83,0.52,0.73,0.03,0.81,0.77,0
116,9313.36,0.84,0.85,0.03,0.89,0.72,0
16,8848.38,0.86,0.95,0.01,0.90,0.66,0
92,6243.42,0.27,0.30,0.02,0.91,0.75,0
33,5402.67,0.50,0.60,0.02,0.91,0.78,0
68,8315.77,1.00,1.00,0.02,0.92,0.69,0
70,7017.41,0.59,0.67,0.03,0.87,0.79,0
81,4583.51,0.55,0.70,0.03,0.95,0.81,0
102,4946.91,0.93,0.97,0.01,0.94,0.73,0
62,4103.00,0.35,0.58,0.51,0.12,0.98,0
58,6692.27,0.08,0.21,0.61,0.10,0.97,0
88,3882.93,0.19,0.29,0.57,0.21,0.97,0
92,26189.00,0.14,0.14,0.60,0.18,0.96,0
59,13893.15,0.19,0.26,0.57,0.23,0.96,0
71,17102.44,0.20,0.30,0.38,0.44,0.95,0
0,0.00,0.00,0.00,0.00,0.00,0.00,0
51,7551.39,0.21,0.28,0.50,0.33,0.93,0
0,90.41,0.00,0.00,0.13,0.13,0.80,0
0,408.55,0.00,0.00,0.60,0.07,0.86,0
375,2966.34,0.18,0.19,0.57,0.20,0.94,0
0,0.00,0.00,0.00,0.00,0.00,0.00,0
32,1305.42,0.17,0.39,0.20,0.61,0.86,0
31,6042.03,0.13,0.14,0.15,0.56,0.77,0
60,5370.28,0.56,0.71,0.25,0.42,0.75,0
0,0.00,0.00,0.00,0.00,0.00,0.00,0
72,25028.70,0.14,0.24,0.51,0.28,0.95,0
59,13086.59,0.51,0.54,0.32,0.53,0.82,0
1,51.01,0.00,0.00,0.00,0.00,0.85,0
21,2545.37,0.22,0.48,0.28,0.56,0.89,0
58,1689.03,0.10,0.22,0.09,0.80,0.65,0
56,2638.81,0.51,0.55,0.19,0.66,0.77,0
37,400.62,0.18,0.26,0.09,0.80,0.84,0
4,15.29,0.00,0.00,0.27,0.65,0.95,0
